carrier_code,transport_mode,fuel_price_min,fuel_pct
01,ROAD,0,0.2165
01,ROAD,4.85,0.22
01,ROAD,5.02,0.2235
01,ROAD,5.18,0.227
01,ROAD,5.34,0.2305
01,ROAD,5.51,0.234
01,ROAD,5.67,0.2375
01,ROAD,5.85,0.241
01,ROAD,6.03,0.2445
01,ROAD,6.19,0.248
01,ROAD,6.37,0.2515
01,ROAD,6.55,0.255
01,ROAD,6.72,0.259
01,AIR,0,0.243
01,AIR,3.5,0.245
01,AIR,3.59,0.247
01,AIR,3.68,0.249
01,AIR,3.77,0.251
01,AIR,3.86,0.253
01,AIR,3.95,0.255
01,AIR,4.04,0.257
01,AIR,4.13,0.259
01,AIR,4.22,0.261
01,AIR,4.31,0.263
01,AIR,4.4,0.265
01,AIR,4.49,0.267
01,AIR,4.58,0.269
01,AIR,4.67,0.271
01,AIR,4.76,0.273
01,AIR,4.85,0.275
01,AIR,4.94,0.277
02,ROAD,0,0.212
02,ROAD,4.82,0.215
02,ROAD,5,0.218
02,ROAD,5.17,0.221
02,ROAD,5.34,0.224
02,ROAD,5.51,0.227
02,ROAD,5.68,0.23
02,ROAD,5.85,0.233
02,ROAD,6.02,0.236
02,ROAD,6.19,0.239
02,ROAD,6.36,0.242
02,ROAD,6.53,0.245
02,ROAD,6.7,0.248
02,ROAD,6.87,0.251
02,AIR,0,0.2403
02,AIR,3.52,0.2425
02,AIR,3.6,0.2447
02,AIR,3.68,0.2469
02,AIR,3.76,0.2491
02,AIR,3.84,0.2513
02,AIR,3.92,0.2535
02,AIR,4,0.2557
02,AIR,4.08,0.2579
02,AIR,4.16,0.2601
02,AIR,4.24,0.2623
02,AIR,4.32,0.2645
02,AIR,4.4,0.2667
02,AIR,4.48,0.2689
02,AIR,4.56,0.2711
02,AIR,4.64,0.2733
02,AIR,4.72,0.2755
02,AIR,4.8,0.2777
02,AIR,4.88,0.2799
02,AIR,4.96,0.2822