location,city,orig_zip
Corporate 1 ,"Atlanta, GA",30327
Corprorate 2,"Fresno, California",93720
DC 1,"Atlanta, GA",30318
DC 2,"Houston, TX",77066
DC 3,"Fresno, California",93702
DC 4,"Allentown, PA",18103
DC 5,"Memphis, TN",38119
RS 1,"Atlanta, GA",30305
RS 2,"New Orleans, LA",70130
RS 3,"Dallas, TX",75201
RS 4,"Nashville, TN",37203
RS 5,"Los Angeles, CA",90015
RS 6,"Seattle, WA",98102
RS 7,"Las Vegas, NV",89109
RS 8,"Boston, MA",02109
RS 9,"New York, NY",10036
RS 10,"Chicago, IL",60604
RS 11,"Miami, FL",33125
RS 12,"Denver, CO",80201